Workbook

Sheet Summary
A1: Journal Entry Audit Analytics - Test Summary
A2: Source: je-audit-analytics MCP server (run_all_je_tests), run on 2026-10-21. Entries posted January 2026.
A4: Test | B4: Rule | C4: Exceptions
A5: Weekend | B5: Posted on Saturday or Sunday | C5: ='Flag Matrix'!G9 -> 3
A6: Round amount | B6: Amount divisible by 10,000 | C6: ='Flag Matrix'!H9 -> 7
A7: Duplicate | B7: Potential duplicate entries | C7: ='Flag Matrix'!I9 -> 2
A8: High value | B8: Absolute amount above 500,000 | C8: ='Flag Matrix'!J9 -> 3
A10: Key metrics
A11: Metric | C11: Value
A12: Unique entries flagged | C12: =COUNTA('Flag Matrix'!A2:A8) -> 7
A13: Entries flagged by 3 tests | C13: =COUNTIF('Flag Matrix'!K2:K8,3) -> 2
A14: Entries flagged by 2+ tests | C14: =COUNTIF('Flag Matrix'!K2:K8,">=2") -> 6
A15: Total amount of flagged entries | C15: ='Flag Matrix'!D9 -> 2350000
A16: Amount in entries flagged by 3 tests | C16: =SUMIF('Flag Matrix'!K2:K8,3,'Flag Matrix'!D2:D8) -> 1650000
A18: Note: These tests flag entries for review only and do not indicate wrongdoing. Round amounts and weekend postings can be legitimate (fixed contracts, retainers, close activity). Confirm preparer, approver and supporting documents before drawing conclusions.

Sheet Flag Matrix
A1: JE ID | B1: Posting Date | C1: Day | D1: Amount | E1: Account | F1: Description | G1: Weekend | H1: Round Amount | I1: Duplicate | J1: High Value (>500,000) | K1: Tests Hit | L1: Priority | M1: Recommended Follow-up
A2: JE003 | B2: 46033 | C2: =TEXT(B2,"dddd") -> Sunday | D2: 750000 | E2: 5003 | F2: Consulting | G2: 1 | H2: 1 | I2: 0 | J2: 1 | K2: =SUM(G2:J2) -> 3 | L2: 1 | M2: Confirm preparer/approver; review invoice, contract and approvals for weekend posting.
A3: JE007 | B3: 46039 | C3: =TEXT(B3,"dddd") -> Saturday | D3: 900000 | E3: 5005 | F3: Equipment | G3: 1 | H3: 1 | I3: 0 | J3: 1 | K3: =SUM(G3:J3) -> 3 | L3: 1 | M3: Confirm preparer/approver; verify receipt of equipment and correct capitalization.
A4: JE005 | B4: 46035 | C4: =TEXT(B4,"dddd") -> Tuesday | D4: 10000 | E4: 5002 | F4: Travel | G4: 0 | H4: 1 | I4: 1 | J4: 0 | K4: =SUM(G4:J4) -> 2 | L4: 2 | M4: Likely duplicate of JE006 (same day, amount, account, description); confirm one payment vs two.
A5: JE006 | B5: 46035 | C5: =TEXT(B5,"dddd") -> Tuesday | D5: 10000 | E5: 5002 | F5: Travel | G5: 0 | H5: 1 | I5: 1 | J5: 0 | K5: =SUM(G5:J5) -> 2 | L5: 2 | M5: Likely duplicate of JE005; confirm one payment vs two.
A6: JE009 | B6: 46042 | C6: =TEXT(B6,"dddd") -> Tuesday | D6: 550000 | E6: 5007 | F6: Software | G6: 0 | H6: 1 | I6: 0 | J6: 1 | K6: =SUM(G6:J6) -> 2 | L6: 3 | M6: Verify contract or license agreement supporting the amount.
A7: JE002 | B7: 46032 | C7: =TEXT(B7,"dddd") -> Saturday | D7: 10000 | E7: 5002 | F7: Travel | G7: 1 | H7: 1 | I7: 0 | J7: 0 | K7: =SUM(G7:J7) -> 2 | L7: 4 | M7: Weekend posting; check for a pattern of split 10,000 travel entries (JE002/JE005/JE006).
A8: JE008 | B8: 46041 | C8: =TEXT(B8,"dddd") -> Monday | D8: 120000 | E8: 5006 | F8: Marketing | G8: 0 | H8: 1 | I8: 0 | J8: 0 | K8: =SUM(G8:J8) -> 1 | L8: 5 | M8: Quick review of supporting documents; lowest priority.
A9: Total flagged amount | D9: =SUM(D2:D8) -> 2350000 | G9: =SUM(G2:G8) -> 3 | H9: =SUM(H2:H8) -> 7 | I9: =SUM(I2:I8) -> 2 | J9: =SUM(J2:J8) -> 3
